[{"pk": 12, "model": "contenttypes.contenttype", "fields": {"model": "artifact", "name": "artifact", "app_label": "story"}}, {"pk": 9, "model": "contenttypes.contenttype", "fields": {"model": "chapter", "name": "chapter", "app_label": "story"}}, {"pk": 11, "model": "contenttypes.contenttype", "fields": {"model": "character", "name": "character", "app_label": "story"}}, {"pk": 4, "model": "contenttypes.contenttype", "fields": {"model": "contenttype", "name": "content type", "app_label": "contenttypes"}}, {"pk": 15, "model": "contenttypes.contenttype", "fields": {"model": "genre", "name": "genre", "app_label": "story"}}, {"pk": 2, "model": "contenttypes.contenttype", "fields": {"model": "group", "name": "group", "app_label": "auth"}}, {"pk": 13, "model": "contenttypes.contenttype", "fields": {"model": "location", "name": "location", "app_label": "story"}}, {"pk": 7, "model": "contenttypes.contenttype", "fields": {"model": "logentry", "name": "log entry", "app_label": "admin"}}, {"pk": 14, "model": "contenttypes.contenttype", "fields": {"model": "migrationhistory", "name": "migration history", "app_label": "south"}}, {"pk": 1, "model": "contenttypes.contenttype", "fields": {"model": "permission", "name": "permission", "app_label": "auth"}}, {"pk": 10, "model": "contenttypes.contenttype", "fields": {"model": "scene", "name": "scene", "app_label": "story"}}, {"pk": 5, "model": "contenttypes.contenttype", "fields": {"model": "session", "name": "session", "app_label": "sessions"}}, {"pk": 6, "model": "contenttypes.contenttype", "fields": {"model": "site", "name": "site", "app_label": "sites"}}, {"pk": 8, "model": "contenttypes.contenttype", "fields": {"model": "story", "name": "story", "app_label": "story"}}, {"pk": 3, "model": "contenttypes.contenttype", "fields": {"model": "user", "name": "user", "app_label": "auth"}}, {"pk": "e1a7f2d69ae55aaff3b83a75a18722f7", "model": "sessions.session", "fields": {"expire_date": "2012-11-19T01:03:03.264Z", "session_data": "ZDI1NDBiMTAzMDI4MmFhMzRkYWMzMDhjNDgyZDMxZTcyZjNiODE0OTqAAn1xAVUKdGVzdGNvb2tp\nZXECVQZ3b3JrZWRxA3Mu\n"}}, {"pk": "74059e806d34739373cc8e18909d02fc", "model": "sessions.session", "fields": {"expire_date": "2012-11-19T01:12:36.305Z", "session_data": "OWY1M2YwZWUwMGViY2I3ZWFhZDI3MjAxMmI0MWY1YzkzNWFkYzFhMjqAAn1xAShVEl9hdXRoX3Vz\nZXJfYmFja2VuZHECVSlkamFuZ28uY29udHJpYi5hdXRoLmJhY2tlbmRzLk1vZGVsQmFja2VuZHED\nVQ1fYXV0aF91c2VyX2lkcQRLAXUu\n"}}, {"pk": "e9b13e4ac09163a3c6486d5f70098a62", "model": "sessions.session", "fields": {"expire_date": "2012-11-19T02:26:16.600Z", "session_data": "OWY1M2YwZWUwMGViY2I3ZWFhZDI3MjAxMmI0MWY1YzkzNWFkYzFhMjqAAn1xAShVEl9hdXRoX3Vz\nZXJfYmFja2VuZHECVSlkamFuZ28uY29udHJpYi5hdXRoLmJhY2tlbmRzLk1vZGVsQmFja2VuZHED\nVQ1fYXV0aF91c2VyX2lkcQRLAXUu\n"}}, {"pk": "85f38a90f3ed0493d535c6b22a4fa6d9", "model": "sessions.session", "fields": {"expire_date": "2012-11-19T09:18:13.809Z", "session_data": "YTdkYWRlYzk2NjUwNGMzNjc2NDBlOGQ1MGQxYTdmMWI2OTg4NmRkNTqAAn1xAShVEl9hdXRoX3Vz\nZXJfYmFja2VuZHECVSlkamFuZ28uY29udHJpYi5hdXRoLmJhY2tlbmRzLk1vZGVsQmFja2VuZHED\nVQ1fYXV0aF91c2VyX2lkcQRLA3Uu\n"}}, {"pk": "99364246206f25973d403c3eddee3588", "model": "sessions.session", "fields": {"expire_date": "2012-11-19T09:25:03.417Z", "session_data": "OWY1M2YwZWUwMGViY2I3ZWFhZDI3MjAxMmI0MWY1YzkzNWFkYzFhMjqAAn1xAShVEl9hdXRoX3Vz\nZXJfYmFja2VuZHECVSlkamFuZ28uY29udHJpYi5hdXRoLmJhY2tlbmRzLk1vZGVsQmFja2VuZHED\nVQ1fYXV0aF91c2VyX2lkcQRLAXUu\n"}}, {"pk": "3be67b7914185547c807d832a6212517", "model": "sessions.session", "fields": {"expire_date": "2012-11-23T14:08:20.152Z", "session_data": "ZDMyODYwODYyOGVjNmIyZDg4YmMyM2YxYTQxNGIwNjg1NDgwNmRiYTqAAn1xAS4=\n"}}, {"pk": 1, "model": "sites.site", "fields": {"domain": "example.com", "name": "example.com"}}, {"pk": 1, "model": "south.migrationhistory", "fields": {"applied": "2012-11-07T00:03:52.440Z", "app_name": "story", "migration": "0001_initial"}}, {"pk": 2, "model": "south.migrationhistory", "fields": {"applied": "2012-11-07T00:13:26.103Z", "app_name": "story", "migration": "0002_auto__add_field_character_middlename"}}, {"pk": 3, "model": "south.migrationhistory", "fields": {"applied": "2012-11-07T00:33:02.940Z", "app_name": "story", "migration": "0003_auto__add_genre"}}, {"pk": 4, "model": "south.migrationhistory", "fields": {"applied": "2012-11-07T00:35:22.365Z", "app_name": "story", "migration": "0004_auto__add_field_genre_description"}}, {"pk": 5, "model": "south.migrationhistory", "fields": {"applied": "2012-11-07T00:48:04.875Z", "app_name": "story", "migration": "0005_auto__add_field_story_genre__add_field_story_fiction"}}, {"pk": 1, "model": "story.genre", "fields": {"name": "Biography", "description": "Narrative of a Person's Life - A true story about a real person. When written from their own perspective it is called an autobiography."}}, {"pk": 2, "model": "story.genre", "fields": {"name": "Drama", "description": "Stories composed in verse or prose, usually for theatrical performance, where conflicts and emotion are expressed through dialogue and action."}}, {"pk": 3, "model": "story.genre", "fields": {"name": "Essay", "description": "A short literary composition that reflects the author's outlook or point."}}, {"pk": 4, "model": "story.genre", "fields": {"name": "Fable", "description": "Narration demonstrating a useful truth, especially in which animals speak as humans; legendary, supernatural tale."}}, {"pk": 5, "model": "story.genre", "fields": {"name": "Fairytale", "description": "A story about fairies or other magical creatures, usually for children."}}, {"pk": 6, "model": "story.genre", "fields": {"name": "Fantasy", "description": "Fiction with strange or other worldly settings or characters; fiction which invites suspension of reality."}}, {"pk": 7, "model": "story.genre", "fields": {"name": "Fiction Narrative", "description": "Literary works whose content is produced by the imagination and is not necessarily based on fact."}}, {"pk": 8, "model": "story.genre", "fields": {"name": "Fiction in verse", "description": "Full-length novels with plot, subplot(s), theme(s), major and minor characters, in which the narrative is presented in (usually blank) verse form."}}, {"pk": 9, "model": "story.genre", "fields": {"name": "Folklore", "description": "The songs, stories, myths, and proverbs of a people or \"folk\" as handed down by word of mouth."}}, {"pk": 10, "model": "story.genre", "fields": {"name": "Historical fiction", "description": "A story with fictional characters and events in a historical setting."}}, {"pk": 11, "model": "story.genre", "fields": {"name": "Horror", "description": "Fiction in which events evoke a feeling of dread in both the characters and the reader."}}, {"pk": 12, "model": "story.genre", "fields": {"name": "Humour", "description": "Fiction full of fun, fancy, and excitement, meant to entertain; but can be contained in all genres"}}, {"pk": 13, "model": "story.genre", "fields": {"name": "Legend", "description": "A story, sometimes of a national or folk hero, that has a basis in fact but also includes imaginative material."}}, {"pk": 14, "model": "story.genre", "fields": {"name": "Mystery", "description": "Fiction dealing with the solution of a crime or the unraveling of secrets."}}, {"pk": 15, "model": "story.genre", "fields": {"name": "Mythology", "description": "A legend or traditional narrative, often based in part on historical events, that reveals human behavior and natural phenomena by its symbolism; often pertaining to the actions of the gods."}}, {"pk": 16, "model": "story.genre", "fields": {"name": "Narrative nonfiction", "description": "Factual information presented in a format which tells a story."}}, {"pk": 17, "model": "story.genre", "fields": {"name": "Poetry", "description": "Verse and rhythmic writing with imagery that creates emotional responses."}}, {"pk": 18, "model": "story.genre", "fields": {"name": "Realistic fiction", "description": "A story that can actually happen and is true to life."}}, {"pk": 19, "model": "story.genre", "fields": {"name": "Science fiction", "description": "A story based on impact of actual, imagined, or potential science, usually set in the future or on other planets. Happens to be better than all other genres."}}, {"pk": 20, "model": "story.genre", "fields": {"name": "Short story", "description": "Fiction of such brevity that it supports no subplots."}}, {"pk": 21, "model": "story.genre", "fields": {"name": "Speech", "description": "Public address or discourse"}}, {"pk": 22, "model": "story.genre", "fields": {"name": "Tall tale", "description": "A humorous story with blatant exaggerations, swaggering heroes who do the impossible with nonchalance."}}, {"pk": 19, "model": "auth.permission", "fields": {"codename": "add_logentry", "name": "Can add log entry", "content_type": 7}}, {"pk": 20, "model": "auth.permission", "fields": {"codename": "change_logentry", "name": "Can change log entry", "content_type": 7}}, {"pk": 21, "model": "auth.permission", "fields": {"codename": "delete_logentry", "name": "Can delete log entry", "content_type": 7}}, {"pk": 4, "model": "auth.permission", "fields": {"codename": "add_group", "name": "Can add group", "content_type": 2}}, {"pk": 5, "model": "auth.permission", "fields": {"codename": "change_group", "name": "Can change group", "content_type": 2}}, {"pk": 6, "model": "auth.permission", "fields": {"codename": "delete_group", "name": "Can delete group", "content_type": 2}}, {"pk": 1, "model": "auth.permission", "fields": {"codename": "add_permission", "name": "Can add permission", "content_type": 1}}, {"pk": 2, "model": "auth.permission", "fields": {"codename": "change_permission", "name": "Can change permission", "content_type": 1}}, {"pk": 3, "model": "auth.permission", "fields": {"codename": "delete_permission", "name": "Can delete permission", "content_type": 1}}, {"pk": 7, "model": "auth.permission", "fields": {"codename": "add_user", "name": "Can add user", "content_type": 3}}, {"pk": 8, "model": "auth.permission", "fields": {"codename": "change_user", "name": "Can change user", "content_type": 3}}, {"pk": 9, "model": "auth.permission", "fields": {"codename": "delete_user", "name": "Can delete user", "content_type": 3}}, {"pk": 10, "model": "auth.permission", "fields": {"codename": "add_contenttype", "name": "Can add content type", "content_type": 4}}, {"pk": 11, "model": "auth.permission", "fields": {"codename": "change_contenttype", "name": "Can change content type", "content_type": 4}}, {"pk": 12, "model": "auth.permission", "fields": {"codename": "delete_contenttype", "name": "Can delete content type", "content_type": 4}}, {"pk": 13, "model": "auth.permission", "fields": {"codename": "add_session", "name": "Can add session", "content_type": 5}}, {"pk": 14, "model": "auth.permission", "fields": {"codename": "change_session", "name": "Can change session", "content_type": 5}}, {"pk": 15, "model": "auth.permission", "fields": {"codename": "delete_session", "name": "Can delete session", "content_type": 5}}, {"pk": 16, "model": "auth.permission", "fields": {"codename": "add_site", "name": "Can add site", "content_type": 6}}, {"pk": 17, "model": "auth.permission", "fields": {"codename": "change_site", "name": "Can change site", "content_type": 6}}, {"pk": 18, "model": "auth.permission", "fields": {"codename": "delete_site", "name": "Can delete site", "content_type": 6}}, {"pk": 40, "model": "auth.permission", "fields": {"codename": "add_migrationhistory", "name": "Can add migration history", "content_type": 14}}, {"pk": 41, "model": "auth.permission", "fields": {"codename": "change_migrationhistory", "name": "Can change migration history", "content_type": 14}}, {"pk": 42, "model": "auth.permission", "fields": {"codename": "delete_migrationhistory", "name": "Can delete migration history", "content_type": 14}}, {"pk": 34, "model": "auth.permission", "fields": {"codename": "add_artifact", "name": "Can add artifact", "content_type": 12}}, {"pk": 35, "model": "auth.permission", "fields": {"codename": "change_artifact", "name": "Can change artifact", "content_type": 12}}, {"pk": 36, "model": "auth.permission", "fields": {"codename": "delete_artifact", "name": "Can delete artifact", "content_type": 12}}, {"pk": 25, "model": "auth.permission", "fields": {"codename": "add_chapter", "name": "Can add chapter", "content_type": 9}}, {"pk": 26, "model": "auth.permission", "fields": {"codename": "change_chapter", "name": "Can change chapter", "content_type": 9}}, {"pk": 27, "model": "auth.permission", "fields": {"codename": "delete_chapter", "name": "Can delete chapter", "content_type": 9}}, {"pk": 31, "model": "auth.permission", "fields": {"codename": "add_character", "name": "Can add character", "content_type": 11}}, {"pk": 32, "model": "auth.permission", "fields": {"codename": "change_character", "name": "Can change character", "content_type": 11}}, {"pk": 33, "model": "auth.permission", "fields": {"codename": "delete_character", "name": "Can delete character", "content_type": 11}}, {"pk": 43, "model": "auth.permission", "fields": {"codename": "add_genre", "name": "Can add genre", "content_type": 15}}, {"pk": 44, "model": "auth.permission", "fields": {"codename": "change_genre", "name": "Can change genre", "content_type": 15}}, {"pk": 45, "model": "auth.permission", "fields": {"codename": "delete_genre", "name": "Can delete genre", "content_type": 15}}, {"pk": 37, "model": "auth.permission", "fields": {"codename": "add_location", "name": "Can add location", "content_type": 13}}, {"pk": 38, "model": "auth.permission", "fields": {"codename": "change_location", "name": "Can change location", "content_type": 13}}, {"pk": 39, "model": "auth.permission", "fields": {"codename": "delete_location", "name": "Can delete location", "content_type": 13}}, {"pk": 28, "model": "auth.permission", "fields": {"codename": "add_scene", "name": "Can add scene", "content_type": 10}}, {"pk": 29, "model": "auth.permission", "fields": {"codename": "change_scene", "name": "Can change scene", "content_type": 10}}, {"pk": 30, "model": "auth.permission", "fields": {"codename": "delete_scene", "name": "Can delete scene", "content_type": 10}}, {"pk": 22, "model": "auth.permission", "fields": {"codename": "add_story", "name": "Can add story", "content_type": 8}}, {"pk": 23, "model": "auth.permission", "fields": {"codename": "change_story", "name": "Can change story", "content_type": 8}}, {"pk": 24, "model": "auth.permission", "fields": {"codename": "delete_story", "name": "Can delete story", "content_type": 8}}, {"pk": 2, "model": "auth.user", "fields": {"username": "testuser", "first_name": "test", "last_name": "user", "is_active": true, "is_superuser": false, "is_staff": false, "last_login": "2012-11-05T02:09:47Z", "groups": [], "user_permissions": [], "password": "pbkdf2_sha256$10000$WtiX3bT3qJ8x$OgIAnEkAAlUgCo1M1QPI7LVEV+JLKpp5iM1xv5xlFXY=", "email": "test@test.com", "date_joined": "2012-11-05T02:09:47Z"}}, {"pk": 3, "model": "auth.user", "fields": {"username": "stephj7", "first_name": "John", "last_name": "Stephen", "is_active": true, "is_superuser": true, "is_staff": true, "last_login": "2012-11-05T09:18:13.803Z", "groups": [], "user_permissions": [], "password": "pbkdf2_sha256$10000$3djo36k6eXh5$05rVsK1b5dI903GGRK3zw6beySIn0DM08+hqtK9Z0fU=", "email": "jwdstephen@gmail.com", "date_joined": "2012-11-05T09:16:41Z"}}, {"pk": 1, "model": "auth.user", "fields": {"username": "garhol", "first_name": "gareth", "last_name": "holmes", "is_active": true, "is_superuser": true, "is_staff": true, "last_login": "2012-11-09T14:04:13.766Z", "groups": [], "user_permissions": [], "password": "pbkdf2_sha256$10000$px6Wvms8XRYr$RbMuYXMWjjwyTL99/Vfost7dB6Rn4gAAyaQ0kNBRjsY=", "email": "garhol@3dahoy.co.uk", "date_joined": "2012-11-05T00:01:58Z"}}, {"pk": 4, "model": "auth.user", "fields": {"username": "toots", "first_name": "kev", "last_name": "toots", "is_active": true, "is_superuser": true, "is_staff": true, "last_login": "2012-11-09T14:05:36.438Z", "groups": [], "user_permissions": [], "password": "pbkdf2_sha256$10000$Uw7HZkWGevhg$WtqQwdgClTCRHyYSOyct+8V7JjyTggrXdwnMFQVkCz8=", "email": "kevintootill@hotmail.com", "date_joined": "2012-11-09T14:04:59Z"}}, {"pk": 50, "model": "admin.logentry", "fields": {"action_flag": 1, "action_time": "2012-11-09T14:07:04.320Z", "object_repr": "my first scene", "object_id": "4", "change_message": "", "user": 4, "content_type": 10}}, {"pk": 49, "model": "admin.logentry", "fields": {"action_flag": 1, "action_time": "2012-11-09T14:06:24.122Z", "object_repr": "My story", "object_id": "2", "change_message": "", "user": 4, "content_type": 8}}, {"pk": 48, "model": "admin.logentry", "fields": {"action_flag": 2, "action_time": "2012-11-09T14:05:19.174Z", "object_repr": "toots", "object_id": "4", "change_message": "Changed password, first_name, last_name, email, is_staff and is_superuser.", "user": 1, "content_type": 3}}, {"pk": 47, "model": "admin.logentry", "fields": {"action_flag": 1, "action_time": "2012-11-09T14:04:59.779Z", "object_repr": "toots", "object_id": "4", "change_message": "", "user": 1, "content_type": 3}}, {"pk": 46, "model": "admin.logentry", "fields": {"action_flag": 2, "action_time": "2012-11-07T01:18:14.726Z", "object_repr": "Tall tale", "object_id": "22", "change_message": "No fields changed.", "user": 1, "content_type": 15}}, {"pk": 45, "model": "admin.logentry", "fields": {"action_flag": 2, "action_time": "2012-11-07T00:51:19.277Z", "object_repr": "Outside the museum", "object_id": "1", "change_message": "Changed perspective.", "user": 1, "content_type": 10}}, {"pk": 44, "model": "admin.logentry", "fields": {"action_flag": 2, "action_time": "2012-11-07T00:48:53.592Z", "object_repr": "SHJ", "object_id": "1", "change_message": "Changed genre.", "user": 1, "content_type": 8}}, {"pk": 43, "model": "admin.logentry", "fields": {"action_flag": 1, "action_time": "2012-11-07T00:44:47.542Z", "object_repr": "Tall tale", "object_id": "22", "change_message": "", "user": 1, "content_type": 15}}, {"pk": 42, "model": "admin.logentry", "fields": {"action_flag": 1, "action_time": "2012-11-07T00:44:30.420Z", "object_repr": "Speech", "object_id": "21", "change_message": "", "user": 1, "content_type": 15}}, {"pk": 41, "model": "admin.logentry", "fields": {"action_flag": 1, "action_time": "2012-11-07T00:44:12.972Z", "object_repr": "Short story", "object_id": "20", "change_message": "", "user": 1, "content_type": 15}}, {"pk": 40, "model": "admin.logentry", "fields": {"action_flag": 1, "action_time": "2012-11-07T00:43:45.884Z", "object_repr": "Science fiction", "object_id": "19", "change_message": "", "user": 1, "content_type": 15}}, {"pk": 39, "model": "admin.logentry", "fields": {"action_flag": 1, "action_time": "2012-11-07T00:43:14.139Z", "object_repr": "Realistic fiction", "object_id": "18", "change_message": "", "user": 1, "content_type": 15}}, {"pk": 38, "model": "admin.logentry", "fields": {"action_flag": 1, "action_time": "2012-11-07T00:42:53.988Z", "object_repr": "Poetry", "object_id": "17", "change_message": "", "user": 1, "content_type": 15}}, {"pk": 37, "model": "admin.logentry", "fields": {"action_flag": 1, "action_time": "2012-11-07T00:42:31.729Z", "object_repr": "Narrative nonfiction", "object_id": "16", "change_message": "", "user": 1, "content_type": 15}}, {"pk": 36, "model": "admin.logentry", "fields": {"action_flag": 1, "action_time": "2012-11-07T00:42:09.409Z", "object_repr": "Mythology", "object_id": "15", "change_message": "", "user": 1, "content_type": 15}}, {"pk": 35, "model": "admin.logentry", "fields": {"action_flag": 1, "action_time": "2012-11-07T00:41:51.382Z", "object_repr": "Mystery", "object_id": "14", "change_message": "", "user": 1, "content_type": 15}}, {"pk": 34, "model": "admin.logentry", "fields": {"action_flag": 1, "action_time": "2012-11-07T00:41:19.052Z", "object_repr": "Legend", "object_id": "13", "change_message": "", "user": 1, "content_type": 15}}, {"pk": 33, "model": "admin.logentry", "fields": {"action_flag": 1, "action_time": "2012-11-07T00:41:02.175Z", "object_repr": "Humour", "object_id": "12", "change_message": "", "user": 1, "content_type": 15}}, {"pk": 32, "model": "admin.logentry", "fields": {"action_flag": 1, "action_time": "2012-11-07T00:40:41.022Z", "object_repr": "Horror", "object_id": "11", "change_message": "", "user": 1, "content_type": 15}}, {"pk": 31, "model": "admin.logentry", "fields": {"action_flag": 1, "action_time": "2012-11-07T00:40:16.443Z", "object_repr": "Historical fiction", "object_id": "10", "change_message": "", "user": 1, "content_type": 15}}, {"pk": 30, "model": "admin.logentry", "fields": {"action_flag": 1, "action_time": "2012-11-07T00:39:50.062Z", "object_repr": "Folklore", "object_id": "9", "change_message": "", "user": 1, "content_type": 15}}, {"pk": 29, "model": "admin.logentry", "fields": {"action_flag": 1, "action_time": "2012-11-07T00:39:38.964Z", "object_repr": "Fiction in verse", "object_id": "8", "change_message": "", "user": 1, "content_type": 15}}, {"pk": 28, "model": "admin.logentry", "fields": {"action_flag": 1, "action_time": "2012-11-07T00:39:22.462Z", "object_repr": "Fiction Narrative", "object_id": "7", "change_message": "", "user": 1, "content_type": 15}}, {"pk": 27, "model": "admin.logentry", "fields": {"action_flag": 1, "action_time": "2012-11-07T00:38:52.324Z", "object_repr": "Fantasy", "object_id": "6", "change_message": "", "user": 1, "content_type": 15}}, {"pk": 26, "model": "admin.logentry", "fields": {"action_flag": 1, "action_time": "2012-11-07T00:38:32.657Z", "object_repr": "Fairytale", "object_id": "5", "change_message": "", "user": 1, "content_type": 15}}, {"pk": 25, "model": "admin.logentry", "fields": {"action_flag": 1, "action_time": "2012-11-07T00:38:15.262Z", "object_repr": "Fable", "object_id": "4", "change_message": "", "user": 1, "content_type": 15}}, {"pk": 24, "model": "admin.logentry", "fields": {"action_flag": 1, "action_time": "2012-11-07T00:37:55.939Z", "object_repr": "Essay", "object_id": "3", "change_message": "", "user": 1, "content_type": 15}}, {"pk": 23, "model": "admin.logentry", "fields": {"action_flag": 1, "action_time": "2012-11-07T00:37:45.884Z", "object_repr": "Drama", "object_id": "2", "change_message": "", "user": 1, "content_type": 15}}, {"pk": 22, "model": "admin.logentry", "fields": {"action_flag": 1, "action_time": "2012-11-07T00:37:34.212Z", "object_repr": "Biography", "object_id": "1", "change_message": "", "user": 1, "content_type": 15}}, {"pk": 21, "model": "admin.logentry", "fields": {"action_flag": 2, "action_time": "2012-11-07T00:14:45.745Z", "object_repr": "Jack ", "object_id": "3", "change_message": "Changed firstname and lastname.", "user": 1, "content_type": 11}}, {"pk": 20, "model": "admin.logentry", "fields": {"action_flag": 2, "action_time": "2012-11-07T00:14:08.960Z", "object_repr": "John ", "object_id": "4", "change_message": "Changed lastname.", "user": 1, "content_type": 11}}, {"pk": 19, "model": "admin.logentry", "fields": {"action_flag": 2, "action_time": "2012-11-05T09:18:48.010Z", "object_repr": "My nice fun scene", "object_id": "3", "change_message": "No fields changed.", "user": 3, "content_type": 10}}, {"pk": 18, "model": "admin.logentry", "fields": {"action_flag": 1, "action_time": "2012-11-05T09:18:45.739Z", "object_repr": "My nice fun scene", "object_id": "3", "change_message": "", "user": 3, "content_type": 10}}, {"pk": 17, "model": "admin.logentry", "fields": {"action_flag": 2, "action_time": "2012-11-05T09:16:53.136Z", "object_repr": "stephj7", "object_id": "3", "change_message": "Changed password, first_name, last_name, email, is_staff and is_superuser.", "user": 1, "content_type": 3}}, {"pk": 16, "model": "admin.logentry", "fields": {"action_flag": 1, "action_time": "2012-11-05T09:16:41.762Z", "object_repr": "stephj7", "object_id": "3", "change_message": "", "user": 1, "content_type": 3}}, {"pk": 15, "model": "admin.logentry", "fields": {"action_flag": 1, "action_time": "2012-11-05T02:10:27.763Z", "object_repr": "a test", "object_id": "2", "change_message": "", "user": 1, "content_type": 10}}, {"pk": 14, "model": "admin.logentry", "fields": {"action_flag": 2, "action_time": "2012-11-05T02:09:59.350Z", "object_repr": "testuser", "object_id": "2", "change_message": "Changed password, first_name, last_name and email.", "user": 1, "content_type": 3}}, {"pk": 13, "model": "admin.logentry", "fields": {"action_flag": 1, "action_time": "2012-11-05T02:09:48.195Z", "object_repr": "testuser", "object_id": "2", "change_message": "", "user": 1, "content_type": 3}}, {"pk": 12, "model": "admin.logentry", "fields": {"action_flag": 1, "action_time": "2012-11-05T01:35:15.051Z", "object_repr": "Outside the museum", "object_id": "1", "change_message": "", "user": 1, "content_type": 10}}, {"pk": 11, "model": "admin.logentry", "fields": {"action_flag": 1, "action_time": "2012-11-05T01:35:11.525Z", "object_repr": "Chapter 1", "object_id": "1", "change_message": "", "user": 1, "content_type": 9}}, {"pk": 10, "model": "admin.logentry", "fields": {"action_flag": 1, "action_time": "2012-11-05T01:34:57.729Z", "object_repr": "John Narrator", "object_id": "4", "change_message": "", "user": 1, "content_type": 11}}, {"pk": 9, "model": "admin.logentry", "fields": {"action_flag": 2, "action_time": "2012-11-05T01:33:07.225Z", "object_repr": "Spring Heeled Jack", "object_id": "3", "change_message": "No fields changed.", "user": 1, "content_type": 11}}, {"pk": 8, "model": "admin.logentry", "fields": {"action_flag": 1, "action_time": "2012-11-05T01:33:05.103Z", "object_repr": "Spring Heeled Jack", "object_id": "3", "change_message": "", "user": 1, "content_type": 11}}, {"pk": 7, "model": "admin.logentry", "fields": {"action_flag": 2, "action_time": "2012-11-05T01:32:25.377Z", "object_repr": "Gordon Lewis", "object_id": "1", "change_message": "Changed description and bio.", "user": 1, "content_type": 11}}, {"pk": 6, "model": "admin.logentry", "fields": {"action_flag": 1, "action_time": "2012-11-05T01:32:10.524Z", "object_repr": "Merrion Lewis", "object_id": "2", "change_message": "", "user": 1, "content_type": 11}}, {"pk": 5, "model": "admin.logentry", "fields": {"action_flag": 1, "action_time": "2012-11-05T01:31:35.502Z", "object_repr": "Gordon Lewis", "object_id": "1", "change_message": "", "user": 1, "content_type": 11}}, {"pk": 4, "model": "admin.logentry", "fields": {"action_flag": 1, "action_time": "2012-11-05T01:30:31.443Z", "object_repr": "Gordon's pipe", "object_id": "1", "change_message": "", "user": 1, "content_type": 12}}, {"pk": 3, "model": "admin.logentry", "fields": {"action_flag": 1, "action_time": "2012-11-05T01:29:49.794Z", "object_repr": "Victoria and Albert Museum", "object_id": "1", "change_message": "", "user": 1, "content_type": 13}}, {"pk": 2, "model": "admin.logentry", "fields": {"action_flag": 1, "action_time": "2012-11-05T01:24:01.183Z", "object_repr": "SHJ", "object_id": "1", "change_message": "", "user": 1, "content_type": 8}}, {"pk": 1, "model": "admin.logentry", "fields": {"action_flag": 2, "action_time": "2012-11-05T01:11:23.321Z", "object_repr": "garhol", "object_id": "1", "change_message": "Changed password, first_name and last_name.", "user": 1, "content_type": 3}}, {"pk": 1, "model": "story.story", "fields": {"genre": 19, "fiction": true, "author": "Gareth Holmes", "user": 1, "title": "SHJ"}}, {"pk": 2, "model": "story.story", "fields": {"genre": 2, "fiction": true, "author": "toots", "user": 4, "title": "My story"}}, {"pk": 1, "model": "story.chapter", "fields": {"story": 1, "user": 1, "weight": 1, "title": "Chapter 1"}}, {"pk": 2, "model": "story.scene", "fields": {"chapter": 1, "description": "asf", "artifacts": [], "location": [], "name": "a test", "content": "asfseaf", "perspective": 2, "characters": [2], "user": 2}}, {"pk": 3, "model": "story.scene", "fields": {"chapter": null, "description": "<p>This is my nice fun scene.</p>", "artifacts": [], "location": [], "name": "My nice fun scene", "content": "<p>This is the number of words I have written:&nbsp;</p>\r\n<p>It counts them on Enter key down.</p>\r\n<p>I am pressing enter now</p>\r\n<p>&nbsp;</p>", "perspective": 6, "characters": [], "user": 3}}, {"pk": 1, "model": "story.scene", "fields": {"chapter": 1, "description": "<p>Gordon is doing his rounds, covering the outside of the new museum. He is mulling over the problems with the new building.</p>", "artifacts": [1], "location": [1], "name": "Outside the museum", "content": "<p>It was by no means the warmest of nights to be out doing his rounds of the 'Albertopolis' but Gordon was accustomed to the sharpness in the air that this time of night brought. At least the air was reasonably still with a sufficiently light breeze that he would be able to light his pipe with the single match he had found in his coat pocket. He stopped for a moment next to the 'iron house' to fill and light his pipe.</p>\r\n<p>As he leaned in to the wall he noticed that the iron girders still smelled faintly of hot metal and grease despite the last rivets having been added weeks ago. Gordon thought back to the evening of the grand opening as he teased a thumb of tobacco from his pouch, remembering the uproar when the builder had likened the new building to 'a threefold monster boiler'. To question the design was brave, or potentially foolhardy, depending on your viewpoint, but to question the design in front of the designer, when that designer was the Prince regent himself seemed bordering on ins treasonous. It appeared however that despite the builders temerity, the Prince had taken note of this and had just yesterday requested a fresh coat of paint in green and white stripes to brighten the buildings main facade.</p>\r\n<p>He tamped down the freshly teased tobacco into the bowl of his pipe, the smell of the pipe tobacco blending with the metallic tang of the girder which he was propping himself against. He pulled his jacket collar up a little higher in order to shield the pipe from an imagined breeze and ran his match down the girder. As the flame sputtered into life it cast sharp shadows along the side of the building, which had already earned the monicker of the \"Brompton Boilers\". He drew in deeply on his pipe and was rewarded with a steady glow as the tobacco began to kindle the flame. Gordon withdrew the match and blew it out with a stream of blue-grey smoke, dropping it to the ground where it hissed as the hot ember made contact with the damp ground. The dampness underfoot worried him. It already seemed that the new South Kensington location lacked the drainage and quality that the museum had enjoyed at Marlborough house. This new building had barely been in place a week and already the roof had more leaks than the old museum had shown in it's whole five year stint, the floors in the upper gallery were struggling with the weight of the smaller plaster casts and after Tuesday's sudden burst of calescent weather it was apparent that the building acted in a similar manner to a greenhouse</p>", "perspective": 1, "characters": [1, 3], "user": 1}}, {"pk": 4, "model": "story.scene", "fields": {"chapter": null, "description": "<p>a scene</p>", "artifacts": [], "location": [], "name": "my first scene", "content": "<p>Here is my first scene</p>\r\n<p>It is fgreat</p>\r\n<p>&nbsp;</p>", "perspective": 7, "characters": [], "user": 4}}, {"pk": 2, "model": "story.character", "fields": {"bio": "Gordon's wife.", "firstname": "Merrion", "nicknames": "Merry", "middlename": "", "lastname": "Lewis", "date_of_death": null, "date_of_birth": "2012-11-05", "user": 1, "description": "TBC"}}, {"pk": 1, "model": "story.character", "fields": {"bio": "Custodian/Caretaker at the V&A\r\n\r\nReads the London Gazette. Married to Merry (Merrion Pamelia Lewis)", "firstname": "Gordon", "nicknames": "Reginald", "middlename": "", "lastname": "Lewis", "date_of_death": null, "date_of_birth": "2012-11-05", "user": 1, "description": ""}}, {"pk": 5, "model": "story.character", "fields": {"bio": null, "firstname": "John", "nicknames": "Narrator", "middlename": "", "lastname": "", "date_of_death": null, "date_of_birth": null, "user": 2, "description": null}}, {"pk": 6, "model": "story.character", "fields": {"bio": null, "firstname": "John", "nicknames": "Narrator", "middlename": "", "lastname": "", "date_of_death": null, "date_of_birth": null, "user": 3, "description": null}}, {"pk": 4, "model": "story.character", "fields": {"bio": "", "firstname": "John", "nicknames": "Narrator", "middlename": "", "lastname": "", "date_of_death": null, "date_of_birth": null, "user": 1, "description": ""}}, {"pk": 3, "model": "story.character", "fields": {"bio": "Spring-heeled Jack is a character in English folklore of the Victorian era who was known for his startling jumps. The first claimed sighting of Spring-heeled Jack was in 1837.[1] Later sightings were reported all over England and were especially prevalent in suburban London, the Midlands and Scotland.[2]", "firstname": "Jack", "nicknames": "jack, the flea", "middlename": "", "lastname": "", "date_of_death": null, "date_of_birth": "2012-11-05", "user": 1, "description": "Terrifying and frightful appearance, with diabolical physiognomy, clawed hands, and eyes that \"resembled red balls of fire\". One report claimed that, beneath a black cloak, he wore a helmet and a tight-fitting white garment like an oilskin"}}, {"pk": 7, "model": "story.character", "fields": {"bio": null, "firstname": "John", "nicknames": "Narrator", "middlename": "", "lastname": "", "date_of_death": null, "date_of_birth": null, "user": 4, "description": null}}, {"pk": 1, "model": "story.artifact", "fields": {"owner": null, "description": "Gordon's wooden pipe, ornate enough to be one of his more prized possessions.", "location": null, "user": 1, "name": "Gordon's pipe"}}, {"pk": 1, "model": "story.location", "fields": {"description": "V&A was named after Prince Albert and Queen Victoria, it was founded in 1852\r\n\r\n1857 - moved to current site. ,Prince Albert designed the 'iron house' himself and building began early in 1856. Measuring 81 metres long and 9 metres high, it was large enough to house three two-storey galleries.   the 'Builder ' described it as 'like a threefold monster boiler'. The image stuck. Despite Prince Albert's attempts to prettify the edifice by painting it in green and white stripes, the Museum's purpose-built new home was thereafter popularly known as the 'Brompton Boilers'. But the building's problems were not only aesthetic. The authorities soon found that the roof leaked, the drainage was poor, the iron made the structure too hot in the summer and too cold in the winter, and the floors in the upper gallery were not strong enough to carry the weight of the plaster casts.\r\n\r\nThe first Director, Sir Henry Cole, described the Museum in 1857 as 'a refuge for destitute collections'. More than a century later Sir Roy Strong called it 'an extremely capacious handbag'.\r\nThe main predecessor of the South Kensington Museum was the Museum of Ornamental Art at Marlborough House in the Mall, which was founded in 1852. Its collections were transferred to the new South Kensington Museum in 1857\r\nThe restaurant had different first and second class menus, and a third class service for 'mechanics and all workmen employed at the Museum Buildings and even for the humble working class visitors'.\r\n\r\n1852 February 15 - The Great Ormond Street Hospital for Sick Children, London, admits its first patient.\r\n\r\nAs of First april 1852, the London Gazette reduces it's max price to 1 shilling.\r\n\r\nAlbertopolis is the area centred on South Kensington, Kensington & Chelsea, London, England, between Cromwell Road and Kensington Gore, which contains a large number of educational and cultural sites, including V&A\r\n\r\nFollowing the advice of Prince Albert [1] the area was purchased by the Royal Commission for the Exhibition of 1851 with the profits made from the Great Exhibition of 1851, which was held in a site in Hyde Park \r\n\r\n\r\n\r\nDeath of January 1 \u2013 John George Children, British chemist, mineralogist and zoologist (b. 1777)\r\n\r\nJohn George Children (18 May 1777 \u2013 1 January 1852 in Halstead/Kent) was a British chemist, mineralogist and zoologist.\r\n\r\nChildren studied at Tonbridge School, Eton College and Queens' College, Cambridge.[1] In 1822 he was working as a librarian in the Department of Antiquities at the British Museum when he was appointed assistant keeper of the Natural History Department", "user": 1, "name": "Victoria and Albert Museum"}}]